SGFood/Ban_Mian_Dry/Ban_Mian_Dry_21_w.JPG Ban_Mian_Dry 145.5
SGFood/Chicken_Rice_Roasted/Chicken_Rice_Roasted_68.JPG Chicken_Rice_Roasted 328
SGFood/Duck_Rice/Duck_Rice_8_w.JPG Duck_Rice 466.4
SGFood/Kaya_Toast/Kaya_Toast_39_w.JPG Kaya_Toast 29.6
SGFood/Hainanese_Curry_Rice/Hainanese_Curry_Rice_10_w.JPG Hainanese_Curry_Rice 433.2
SGFood/Economy_Rice/Economy_Rice_157.JPG Economy_Rice 337
SGFood/Laksa/Laksa_57.JPG Laksa 601
SGFood/Mala_Dry_Pot/Mala_Dry_Pot_19_w.JPG Mala_Dry_Pot 877.3
SGFood/Lor_Mee/Lor_Mee_37_w.JPG Lor_Mee 184.2
SGFood/Curry_Puff/Curry_Puff_14_w.JPG Curry_Puff 107.6
SGFood/Nasi_Lemak/Nasi_Lemak_88.JPG Nasi_Lemak 223
SGFood/Prawn_Noodles_Soup/Prawn_Noodles_Soup_13_w.jpg Prawn_Noodles_Soup 620
SGFood/Prawn_Noodles_Dry/Prawn_Noodles_Dry_5_w.JPG Prawn_Noodles_Dry 397.3
SGFood/Claypot_Rice/Claypot_Rice_5_w.JPG Claypot_Rice 300.4
SGFood/Ke_Kou_Mian/Ke_Kou_Mian_15_w.JPG Ke_Kou_Mian 581.6
SGFood/Chicken_Rice_Steamed/Chicken_Rice_Steamed_4.jpg Chicken_Rice_Steamed 377
SGFood/Chicken_Rice_Steamed_Porridge/Chicken_Rice_Steamed_Porridge_5.jpg Chicken_Rice_Steamed_Porridge 574
SGFood/Grilled_Fish_with_Rice/Grilled_Fish_with_Rice_3.JPG Grilled_Fish_with_Rice 472
SGFood/Fried_Rice/Fried_Rice_4.JPG Fried_Rice 360
SGFood/Ayam_Penyet/Ayam_Penyet_21.jpg Ayam_Penyet 552
SGFood/Ayam_Panggang/Ayam_Panggang_5.JPG Ayam_Panggang 765
SGFood/Bak_Chor_Mee/Bak_Chor_Mee_28.JPG Bak_Chor_Mee 217
SGFood/Big_Pau/Big_Pau_1.JPG Big_Pau 156
SGFood/Char_Siew_Pau/Char_Siew_Pau_13.JPG Char_Siew_Pau 54
SGFood/Char_Siew_Rice/Char_Siew_Rice_23.JPG Char_Siew_Rice 356
SGFood/Economy_Bee_Hoon/Economy_Bee_Hoon_71.JPG Economy_Bee_Hoon 280
SGFood/Fan_Choy/Fan_Choy_10.JPG Fan_Choy 162
SGFood/Fried_Dumplings/Fried_Dumplings_1.JPG Fried_Dumplings 349
SGFood/Fried_Hokkien_Mee/Fried_Hokkien_Mee_45.JPG Fried_Hokkien_Mee 289
SGFood/Congee/Congee_22.JPG Congee 497
SGFood/Tau_Sar_Pau/Tau_Sar_Pau_7.JPG Tau_Sar_Pau 65
SGFood/Xingzhou_Bee_Hoon/Xingzhou_Bee_Hoon_3.JPG Xingzhou_Bee_Hoon 354
SGFood/Har_Gow/Har_Gow_6.jpg Har_Gow 80
SGFood/Plain_Prata/Plain_Prata_17.jpg Plain_Prata 468
SGFood/Char_Kway_Teow/Char_Kway_Teow_8.jpg Char_Kway_Teow 320
SGFood/Chee_Cheong_Fun/Chee_Cheong_Fun_8.jpg Chee_Cheong_Fun 324
SGFood/Satay/Satay_18.jpg Satay 157
SGFood/Chwee_Kueh/Chwee_Kueh_14.jpg Chwee_Kueh 363
SGFood/Bak_Kut_Teh/Bak_Kut_Teh_3_w.jpg Bak_Kut_Teh 340
SGFood/Fried_Carrot_Cake_Black/Fried_Carrot_Cake_Black_17_w.jpg Fried_Carrot_Cake_Black 410
SGFood/Fried_Carrot_Cake_White/Fried_Carrot_Cake_White_4_w.jpg Fried_Carrot_Cake_White 250
SGFood/Mee_Rebus/Mee_Rebus_4_w.jpg Mee_Rebus 655
SGFood/Mee_Soto/Mee_Soto_5_w.jpg Mee_Soto 560
SGFood/Wanton_Mee_Dry/Wanton_Mee_Dry_17_w.jpg Wanton_Mee_Dry 373
SGFood/Yong_Tau_Foo_Soup/Yong_Tau_Foo_Soup_6_w.jpg Yong_Tau_Foo_Soup 700
